{
    "rmse": 0.8050256880079553,
    "mae": 0.6597170389658013,
    "r2": 0.008323568862137698
}